dur_pct,dur_median,dur,name,cat,count,dur_min,dur_max,dur_mean
0.01%,,4876,GAP (inter-kernel idle),,,,,
34.87%,137720,20999822,main_kernel grid=None block=None shmem=None,kernel,122,7919,513286,172130
4.46%,43559,2687690,"void ck::kernel_gemm_xdl_cshuffle_v3_multi_d_blockscale_b_preshuffle<ck::GridwiseGemmMultiD_blockscale_xdl_cshuffle_v3_b_preshuffle<ck::tensor_layout::gemm::RowMajor, ck::tensor_layout::gemm::ColumnMajor, ck::Tuple<>, ck::tensor_layout::gemm::RowMajor, ck::f8_fnuz_t, ck::f8_fnuz_t, float, float, ck::Tuple<>, unsigned short, ck::tensor_operation::element_wise::PassThrough, ck::tensor_operation::element_wise::PassThrough, ck::tensor_operation::element_wise::PassThrough, (ck::tensor_operation::device::GemmSpecialization)7, 256, 1, 128, 128, 64, 64, 128, 16, 16, 16, 16, 4, 1, ck::Sequence<8, 32, 1>, ck::Sequence<1, 0, 2>, ck::Sequence<1, 0, 2>, 2, 16, 16, false, 0, ck::Sequence<8, 32, 1>, ck::Sequence<1, 0, 2>, ck::Sequence<1, 0, 2>, 2, 16, 16, false, 0, 2, 1, ck::Sequence<1, 32, 1, 8>, ck::Sequence<8>, (ck::BlockGemmPipelineScheduler)0, (ck::BlockGemmPipelineVersion)0, ck::f8_fnuz_t, ck::f8_fnuz_t, ck::f8_fnuz_t, ck::f8_fnuz_t>, true, (ck::InMemoryDataOperationEnum)0, 2, (ck::TailNumber)1>(ck::GridwiseGemmMultiD_blockscale_xdl_cshuffle_v3_b_preshuffle<ck::tensor_layout::gemm::RowMajor, ck::tensor_layout::gemm::ColumnMajor, ck::Tuple<>, ck::tensor_layout::gemm::RowMajor, ck::f8_fnuz_t, ck::f8_fnuz_t, float, float, ck::Tuple<>, unsigned short, ck::tensor_operation::element_wise::PassThrough, ck::tensor_operation::element_wise::PassThrough, ck::tensor_operation::element_wise::PassThrough, (ck::tensor_operation::device::GemmSpecialization)7, 256, 1, 128, 128, 64, 64, 128, 16, 16, 16, 16, 4, 1, ck::Sequence<8, 32, 1>, ck::Sequence<1, 0, 2>, ck::Sequence<1, 0, 2>, 2, 16, 16, false, 0, ck::Sequence<8, 32, 1>, ck::Sequence<1, 0, 2>, ck::Sequence<1, 0, 2>, 2, 16, 16, false, 0, 2, 1, ck::Sequence<1, 32, 1, 8>, ck::Sequence<8>, (ck::BlockGemmPipelineScheduler)0, (ck::BlockGemmPipelineVersion)0, ck::f8_fnuz_t, ck::f8_fnuz_t, ck::f8_fnuz_t, ck::f8_fnuz_t>::Argument)",kernel,61,42079,76960,44060
4.37%,20160,2631830,_ZN5aiter26cross_device_reduce_2stageIDF16bLi8ELb0EEEvPNS_8RankDataES2_NS_11RankSignalsEPNS_6SignalEPT_ii,kernel,123,7599,118441,21397
4.08%,19799,2459145,mhc_post_tilelang_kernel,kernel,122,19239,25880,20157
3.22%,29879,1936043,"void ck::kernel_moe_mxgemm_2lds<ck::GridwiseMoeGemmMX_BPreshuffle<ck::tensor_layout::gemm::RowMajor, ck::tensor_layout::gemm::ColumnMajor, ck::Tuple<ck::tensor_layout::gemm::RowMajor, ck::tensor_layout::gemm::ColumnMajor, ck::tensor_layout::gemm::RowMajor>, ck::tensor_layout::gemm::RowMajor, ck::f4x2_pk_t, ck::e8m0_bexp_t, ck::f4x2_pk_t, ck::e8m0_bexp_t, float, float, ck::Tuple<float, float, float>, unsigned short, ck::tensor_operation::element_wise::PassThrough, ck::tensor_operation::element_wise::PassThrough, MulABScaleShuffled, (ck::tensor_operation::device::GemmSpecialization)0, 32, 64, 32, 32, 128, 16, 16, 16, 16, 2, 2, ck::Sequence<8, 8, 1>, ck::Sequence<1, 0, 2>, ck::Sequence<1, 0, 2>, 2, 16, 16, false, 1, ck::Sequence<8, 8, 1>, ck::Sequence<1, 0, 2>, ck::Sequence<1, 0, 2>, 2, 16, 16, false, 1, 2, 2, ck::Sequence<1, 16, 1, 4>, ck::Sequence<8, 1, 8>, (ck::BlockGemmPipelineScheduler)0, (ck::BlockGemmPipelineVersion)2, 1, false, true, false, int, ck::f4x2_pk_t, ck::f4x2_pk_t>, true, (ck::InMemoryDataOperationEnum)0, 2, (ck::TailNumber)1>(ck::GridwiseMoeGemmMX_BPreshuffle<ck::tensor_layout::gemm::RowMajor, ck::tensor_layout::gemm::ColumnMajor, ck::Tuple<ck::tensor_layout::gemm::RowMajor, ck::tensor_layout::gemm::ColumnMajor, ck::tensor_layout::gemm::RowMajor>, ck::tensor_layout::gemm::RowMajor, ck::f4x2_pk_t, ck::e8m0_bexp_t, ck::f4x2_pk_t, ck::e8m0_bexp_t, float, float, ck::Tuple<float, float, float>, unsigned short, ck::tensor_operation::element_wise::PassThrough, ck::tensor_operation::element_wise::PassThrough, MulABScaleShuffled, (ck::tensor_operation::device::GemmSpecialization)0, 32, 64, 32, 32, 128, 16, 16, 16, 16, 2, 2, ck::Sequence<8, 8, 1>, ck::Sequence<1, 0, 2>, ck::Sequence<1, 0, 2>, 2, 16, 16, false, 1, ck::Sequence<8, 8, 1>, ck::Sequence<1, 0, 2>, ck::Sequence<1, 0, 2>, 2, 16, 16, false, 1, 2, 2, ck::Sequence<1, 16, 1, 4>, ck::Sequence<8, 1, 8>, (ck::BlockGemmPipelineScheduler)0, (ck::BlockGemmPipelineVersion)2, 1, false, true, false, int, ck::f4x2_pk_t, ck::f4x2_pk_t>::Argument)",kernel,61,25760,47840,31738
2.89%,4239,1740704,_ZN5aiter37dynamic_per_group_scaled_quant_kernelIDF16bDB8_Li32EEEvPT0_PfPKT_PKfiliibPKii,kernel,396,3999,28519,4396
2.29%,44200,1381989,_compress_c128_decode_old_kernel,kernel,31,43279,48359,44580
2.29%,4439,1377707,"void at::native::vectorized_elementwise_kernel<4, at::native::bfloat16tofloat32_copy_kernel_cuda(at::TensorIteratorBase&)::{lambda(c10::BFloat16)#1}, std::array<char*, 2ul> >(int, at::native::bfloat16tofloat32_copy_kernel_cuda(at::TensorIteratorBase&)::{lambda(c10::BFloat16)#1}, std::array<char*, 2ul>)",kernel,187,4039,17999,7367
1.86%,18680,1117356,"void ck::kernel_moe_mxgemm_2lds<ck::GridwiseMoeGemmMX_BPreshuffle<ck::tensor_layout::gemm::RowMajor, ck::tensor_layout::gemm::ColumnMajor, ck::Tuple<ck::tensor_layout::gemm::RowMajor, ck::tensor_layout::gemm::ColumnMajor, ck::tensor_layout::gemm::RowMajor>, ck::tensor_layout::gemm::RowMajor, ck::f4x2_pk_t, ck::e8m0_bexp_t, ck::f4x2_pk_t, ck::e8m0_bexp_t, float, float, ck::Tuple<float, float, float>, unsigned short, ck::tensor_operation::element_wise::PassThrough, ck::tensor_operation::element_wise::PassThrough, MulABScaleExpertWeightShuffled, (ck::tensor_operation::device::GemmSpecialization)0, 32, 256, 32, 128, 128, 16, 16, 16, 16, 2, 2, ck::Sequence<8, 32, 1>, ck::Sequence<1, 0, 2>, ck::Sequence<1, 0, 2>, 2, 16, 16, false, 1, ck::Sequence<8, 32, 1>, ck::Sequence<1, 0, 2>, ck::Sequence<1, 0, 2>, 2, 16, 16, false, 1, 2, 2, ck::Sequence<1, 8, 1, 32>, ck::Sequence<2, 1, 2>, (ck::BlockGemmPipelineScheduler)0, (ck::BlockGemmPipelineVersion)2, 0, false, false, true, int, ck::f4x2_pk_t, ck::f4x2_pk_t>, false, (ck::InMemoryDataOperationEnum)1, 2, (ck::TailNumber)1>(ck::GridwiseMoeGemmMX_BPreshuffle<ck::tensor_layout::gemm::RowMajor, ck::tensor_layout::gemm::ColumnMajor, ck::Tuple<ck::tensor_layout::gemm::RowMajor, ck::tensor_layout::gemm::ColumnMajor, ck::tensor_layout::gemm::RowMajor>, ck::tensor_layout::gemm::RowMajor, ck::f4x2_pk_t, ck::e8m0_bexp_t, ck::f4x2_pk_t, ck::e8m0_bexp_t, float, float, ck::Tuple<float, float, float>, unsigned short, ck::tensor_operation::element_wise::PassThrough, ck::tensor_operation::element_wise::PassThrough, MulABScaleExpertWeightShuffled, (ck::tensor_operation::device::GemmSpecialization)0, 32, 256, 32, 128, 128, 16, 16, 16, 16, 2, 2, ck::Sequence<8, 32, 1>, ck::Sequence<1, 0, 2>, ck::Sequence<1, 0, 2>, 2, 16, 16, false, 1, ck::Sequence<8, 32, 1>, ck::Sequence<1, 0, 2>, ck::Sequence<1, 0, 2>, 2, 16, 16, false, 1, 2, 2, ck::Sequence<1, 8, 1, 32>, ck::Sequence<2, 1, 2>, (ck::BlockGemmPipelineScheduler)0, (ck::BlockGemmPipelineVersion)2, 0, false, false, true, int, ck::f4x2_pk_t, ck::f4x2_pk_t>::Argument)",kernel,61,13319,23519,18317
1.59%,7760,959929,Cijk_Alik_Bljk_S_B_Bias_HA_S_SAV_UserArgs_MT16x16x64_MI16x16x1_SN_LDSB0_AFC0_AFEM1_AFEM1_ASEM1_CLR1_CADS0_DTLA0_DTLB0_DTVA0_DTVB0_EPS0_FDSI0_GRPM1_GRVWA4_GRVWB4_GSU0_GSUAMB_GLS0_ISA950_IU1_K1_LDSTI0_LBSPPA256_LBSPPB256_LBSPPM0_LPA8_LPB8_LPM0_LRVW4_LWPMn1_MIAV0_MIWT1_1_MO40_NTn1_NTA0_NTB0_NTC0_NTD0_NTM0_NEPBS0_NLCA1_NLCB1_ONLL1_PGR2_PLR1_PKA1_SIA3_SS1_SPO0_SRVW0_SSO0_SVW1_SK3_SKFTR0_SKXCCM0_TLDS1_ULSGRO0_USL1_UIOFGRO0_USFGRO0_VSn1_VWA1_VWB1_WSGRA0_WSGRB0_WS64_WG16_4_4,kernel,123,6639,8759,7804
1.57%,4439,943086,apply_rotary_emb_triton_kernel,kernel,213,4079,7359,4428
1.55%,9680,934638,Cijk_Alik_Bljk_BBS_BH_Bias_HA_S_SAV_UserArgs_MT16x16x1024_MI16x16x1_SN_LDSB1_AFC0_AFEM1_AFEM1_ASEM1_CLR1_CADS0_DTLA0_DTLB0_DTVA0_DTVB0_EPS0_FDSI0_GRPM1_GRVWA8_GRVWB8_GSU0_GSUAMB_GLS0_ISA950_IU1_K1_LDSTI0_LBSPPA2048_LBSPPB2048_LBSPPM0_LPA16_LPB16_LPM0_LRVW8_LWPMn1_MIAV0_MIWT1_1_MO40_NTn1_NTA0_NTB0_NTC0_NTD0_NTM0_NEPBS0_NLCA1_NLCB1_ONLL1_PGR2_PLR1_PKA1_SIA3_SS1_SPO0_SRVW0_SSO0_SVW1_SK3_SKFTR0_SKXCCM0_TLDS1_ULSGRO0_USL1_UIOFGRO0_USFGRO0_VSn1_VWA1_VWB1_WSGRA0_WSGRB0_WS64_WG16_4_4,kernel,91,8839,12439,10271
1.52%,14999,917388,"void ck_tile::kentry<2, ck_tile::MoeSortingKernel<ck_tile::MoeSortingProblemEx<int, float, 2, true, false, false, true, 0> >, ck_tile::MoeSortingKernel<ck_tile::MoeSortingProblemEx<int, float, 2, true, false, false, true, 0> >::Kargs>(ck_tile::MoeSortingKernel<ck_tile::MoeSortingProblemEx<int, float, 2, true, false, false, true, 0> >::Kargs)",kernel,61,14199,15680,15039
1.41%,4519,848345,"void at::native::vectorized_elementwise_kernel<4, at::native::bfloat16_copy_kernel_cuda(at::TensorIteratorBase&)::{lambda(float)#1}, std::array<char*, 2ul> >(int, at::native::bfloat16_copy_kernel_cuda(at::TensorIteratorBase&)::{lambda(float)#1}, std::array<char*, 2ul>)",kernel,184,4239,12359,4611
1.36%,6319,818568,Cijk_SS_BiasS_HAS_ScaleAlphaVec_PostGSU16_VW1,kernel,123,5360,29719,6655
1.28%,6239,768249,hc_split_sinkhorn_kernel__kernel,kernel,122,5919,9639,6297
1.06%,4199,639174,_set_k_and_s_triton_kernel,kernel,152,3959,4879,4205
1.02%,4799,612643,"void at::native::reduce_kernel<128, 4, at::native::ReduceOp<float, at::native::func_wrapper_t<float, at::native::sum_functor<float, float, float>::operator()(at::TensorIterator&)::{lambda(float, float)#2}>, unsigned int, float, 4, 4> >(at::native::ReduceOp<float, at::native::func_wrapper_t<float, at::native::sum_functor<float, float, float>::operator()(at::TensorIterator&)::{lambda(float, float)#2}>, unsigned int, float, 4, 4>)",kernel,123,4159,6439,4981
0.99%,4879,594606,triton_red_fused__to_copy_mean_pow_view_0,kernel,122,4599,5639,4874
0.99%,6599,594118,"void ck::kernel_gemm_xdl_cshuffle_v3_multi_d_blockscale_b_preshuffle<ck::GridwiseGemmMultiD_blockscale_xdl_cshuffle_v3_b_preshuffle<ck::tensor_layout::gemm::RowMajor, ck::tensor_layout::gemm::ColumnMajor, ck::Tuple<>, ck::tensor_layout::gemm::RowMajor, ck::f8_fnuz_t, ck::f8_fnuz_t, float, float, ck::Tuple<>, unsigned short, ck::tensor_operation::element_wise::PassThrough, ck::tensor_operation::element_wise::PassThrough, ck::tensor_operation::element_wise::PassThrough, (ck::tensor_operation::device::GemmSpecialization)0, 256, 1, 128, 128, 16, 64, 256, 16, 16, 16, 16, 1, 1, ck::Sequence<16, 16, 1>, ck::Sequence<1, 0, 2>, ck::Sequence<1, 0, 2>, 2, 16, 16, false, 0, ck::Sequence<16, 16, 1>, ck::Sequence<1, 0, 2>, ck::Sequence<1, 0, 2>, 2, 16, 16, false, 0, 1, 1, ck::Sequence<1, 16, 1, 16>, ck::Sequence<4>, (ck::BlockGemmPipelineScheduler)0, (ck::BlockGemmPipelineVersion)0, ck::f8_fnuz_t, ck::f8_fnuz_t, ck::f8_fnuz_t, ck::f8_fnuz_t>, true, (ck::InMemoryDataOperationEnum)0, 2, (ck::TailNumber)1>(ck::GridwiseGemmMultiD_blockscale_xdl_cshuffle_v3_b_preshuffle<ck::tensor_layout::gemm::RowMajor, ck::tensor_layout::gemm::ColumnMajor, ck::Tuple<>, ck::tensor_layout::gemm::RowMajor, ck::f8_fnuz_t, ck::f8_fnuz_t, float, float, ck::Tuple<>, unsigned short, ck::tensor_operation::element_wise::PassThrough, ck::tensor_operation::element_wise::PassThrough, ck::tensor_operation::element_wise::PassThrough, (ck::tensor_operation::device::GemmSpecialization)0, 256, 1, 128, 128, 16, 64, 256, 16, 16, 16, 16, 1, 1, ck::Sequence<16, 16, 1>, ck::Sequence<1, 0, 2>, ck::Sequence<1, 0, 2>, 2, 16, 16, false, 0, ck::Sequence<16, 16, 1>, ck::Sequence<1, 0, 2>, ck::Sequence<1, 0, 2>, 2, 16, 16, false, 0, 1, 1, ck::Sequence<1, 16, 1, 16>, ck::Sequence<4>, (ck::BlockGemmPipelineScheduler)0, (ck::BlockGemmPipelineVersion)0, ck::f8_fnuz_t, ck::f8_fnuz_t, ck::f8_fnuz_t, ck::f8_fnuz_t>::Argument)",kernel,91,5999,7079,6529
0.97%,4719,584166,"void at::native::elementwise_kernel_manual_unroll<128, 8, at::native::gpu_kernel_impl_nocast<at::native::direct_copy_kernel_cuda(at::TensorIteratorBase&)::{lambda()#3}::operator()() const::{lambda()#12}::operator()() const::{lambda(c10::BFloat16)#1}>(at::TensorIteratorBase&, at::native::direct_copy_kernel_cuda(at::TensorIteratorBase&)::{lambda()#3}::operator()() const::{lambda()#12}::operator()() const::{lambda(c10::BFloat16)#1} const&)::{lambda(int, bool)#1}>(int, at::native::gpu_kernel_impl_nocast<at::native::direct_copy_kernel_cuda(at::TensorIteratorBase&)::{lambda()#3}::operator()() const::{lambda()#12}::operator()() const::{lambda(c10::BFloat16)#1}>(at::TensorIteratorBase&, at::native::direct_copy_kernel_cuda(at::TensorIteratorBase&)::{lambda()#3}::operator()() const::{lambda()#12}::operator()() const::{lambda(c10::BFloat16)#1} const&)::{lambda(int, bool)#1})",kernel,124,4119,6439,4711
0.95%,9039,572429,hgemm_bf16_32x64x64_S2TN_AS_SPK16_BS_0,kernel,61,8719,29319,9384
0.94%,4519,563964,"void at::native::elementwise_kernel_manual_unroll<128, 4, at::native::gpu_kernel_impl_nocast<at::native::BinaryFunctor<float, float, float, at::native::binary_internal::MulFunctor<float> > >(at::TensorIteratorBase&, at::native::BinaryFunctor<float, float, float, at::native::binary_internal::MulFunctor<float> > const&)::{lambda(int, bool)#1}>(int, at::native::gpu_kernel_impl_nocast<at::native::BinaryFunctor<float, float, float, at::native::binary_internal::MulFunctor<float> > >(at::TensorIteratorBase&, at::native::BinaryFunctor<float, float, float, at::native::binary_internal::MulFunctor<float> > const&)::{lambda(int, bool)#1})",kernel,125,4039,4959,4512
0.93%,4519,559046,_ZN5aiter24add_rmsnorm_quant_kernelIDF16bDF16bLi256ELi32ELb0ELb0ELb1ELi1EEEvPT0_PT_PfS4_S4_S4_diiiiiiib,kernel,123,4319,4840,4545
0.91%,4479,548843,_quant_k_cache_fused_kernel,kernel,122,4199,7239,4499
0.91%,4239,546645,triton_poi_fused_add_mean_mul_pow_rsqrt_2,kernel,122,4119,27039,4481
0.9%,18140,543979,Cijk_Alik_Bljk_S_B_Bias_HA_S_SAV_UserArgs_MT16x16x512_MI16x16x1_SN_LDSB1_AFC0_AFEM1_AFEM1_ASEM1_CLR1_CADS0_DTLA0_DTLB0_DTVA0_DTVB0_EPS0_FDSI0_GRPM1_GRVWA4_GRVWB4_GSU0_GSUAMB_GLS0_ISA950_IU1_K1_LDSTI0_LBSPPA2048_LBSPPB2048_LBSPPM0_LPA8_LPB8_LPM0_LRVW4_LWPMn1_MIAV0_MIWT1_1_MO40_NTn1_NTA4_NTB0_NTC0_NTD0_NTM0_NEPBS0_NLCA1_NLCB1_ONLL1_PGR2_PLR1_PKA1_SIA3_SS1_SPO0_SRVW0_SSO0_SVW1_SK3_SKFTR0_SKXCCM8_TLDS1_ULSGRO0_USL1_UIOFGRO0_USFGRO0_VSn1_VWA1_VWB1_WSGRA0_WSGRB0_WS64_WG16_4_4,kernel,30,17839,18600,18133
0.88%,4319,529528,triton_per_fused_mean_pow_1,kernel,122,4119,5079,4340
0.79%,8179,475707,"void aiter::grouped_topk_kernel<c10::BFloat16, float __vector(4), 8, true, true, false>(c10::BFloat16*, c10::BFloat16 const*, float*, int*, unsigned long, int, int, int, int, float)",kernel,58,7679,8959,8202
0.74%,7319,447985,Cijk_SS_BiasS_HAS_ScaleAlphaVec_PostGSU16_VW4,kernel,61,6679,8079,7344
0.71%,6919,425022,aiter::fp8gemm_bf16_blockscale_BpreShuffle_48x128,kernel,61,6559,8759,6968
0.69%,4119,413752,"void at::native::vectorized_elementwise_kernel<4, at::native::AUnaryFunctor<int, int, int, at::native::binary_internal::MulFunctor<int> >, std::array<char*, 2ul> >(int, at::native::AUnaryFunctor<int, int, int, at::native::binary_internal::MulFunctor<int> >, std::array<char*, 2ul>)",kernel,94,3999,28480,4402
0.68%,4479,412395,"void at::native::vectorized_gather_kernel<16, long>(char*, char*, long*, int, long, long, long, long, bool)",kernel,91,4279,7159,4532
0.68%,4359,408952,"void at::native::elementwise_kernel_manual_unroll<128, 4, at::native::gpu_kernel_impl<at::native::direct_copy_kernel_cuda(at::TensorIteratorBase&)::{lambda()#3}::operator()() const::{lambda()#3}::operator()() const::{lambda(int)#1}>(at::TensorIteratorBase&, at::native::direct_copy_kernel_cuda(at::TensorIteratorBase&)::{lambda()#3}::operator()() const::{lambda()#3}::operator()() const::{lambda(int)#1} const&)::{lambda(int, bool)#1}>(int, at::native::gpu_kernel_impl<at::native::direct_copy_kernel_cuda(at::TensorIteratorBase&)::{lambda()#3}::operator()() const::{lambda()#3}::operator()() const::{lambda(int)#1}>(at::TensorIteratorBase&, at::native::direct_copy_kernel_cuda(at::TensorIteratorBase&)::{lambda()#3}::operator()() const::{lambda()#3}::operator()() const::{lambda(int)#1} const&)::{lambda(int, bool)#1})",kernel,93,3799,5479,4397
0.67%,4079,405749,"void at::native::vectorized_elementwise_kernel<4, at::native::BUnaryFunctor<int, int, int, at::native::binary_internal::div_floor_kernel_cuda(at::TensorIteratorBase&)::{lambda()#1}::operator()() const::{lambda()#3}::operator()() const::{lambda(int, int)#1}>, std::array<char*, 2ul> >(int, at::native::BUnaryFunctor<int, int, int, at::native::binary_internal::div_floor_kernel_cuda(at::TensorIteratorBase&)::{lambda()#1}::operator()() const::{lambda()#3}::operator()() const::{lambda(int, int)#1}>, std::array<char*, 2ul>)",kernel,94,3959,27079,4316
0.67%,4199,402992,"void at::native::vectorized_elementwise_kernel<4, at::native::CUDAFunctorOnSelf_add<int>, std::array<char*, 2ul> >(int, at::native::CUDAFunctorOnSelf_add<int>, std::array<char*, 2ul>)",kernel,93,1479,20959,4333
0.65%,4279,388713,_fused_norm_rope_kernel,kernel,91,4079,4479,4272
0.64%,4119,384230,"void at::native::elementwise_kernel_manual_unroll<128, 4, at::native::gpu_kernel_impl<at::native::direct_copy_kernel_cuda(at::TensorIteratorBase&)::{lambda()#3}::operator()() const::{lambda()#4}::operator()() const::{lambda(long)#1}>(at::TensorIteratorBase&, at::native::direct_copy_kernel_cuda(at::TensorIteratorBase&)::{lambda()#3}::operator()() const::{lambda()#4}::operator()() const::{lambda(long)#1} const&)::{lambda(int, bool)#1}>(int, at::native::gpu_kernel_impl<at::native::direct_copy_kernel_cuda(at::TensorIteratorBase&)::{lambda()#3}::operator()() const::{lambda()#4}::operator()() const::{lambda(long)#1}>(at::TensorIteratorBase&, at::native::direct_copy_kernel_cuda(at::TensorIteratorBase&)::{lambda()#3}::operator()() const::{lambda()#4}::operator()() const::{lambda(long)#1} const&)::{lambda(int, bool)#1})",kernel,92,3959,7839,4176
0.59%,5679,354502,_gemm_a8w8_blockscale_kernel_GROUP_K_128_GROUP_N_128_BLOCK_SIZE_M_16_BLOCK_SIZE_N_32_BLOCK_SIZE_K_128_GROUP_SIZE_M_1_NUM_KSPLIT_4_SPLITK_BLOCK_SIZE_512_EVEN_K_1_GRID_MN_224_cache_modifier_CG,kernel,61,5479,6839,5812
0.58%,6019,351744,_compress_c4_decode_old_kernel,kernel,60,4999,6719,5862
0.57%,5639,344462,_ZN5aiter27mxfp4_quant_moe_sort_kernelIDF16bN4opus5fp4_tELi256ELi32EEEvPT0_PhPKT_PKiSA_iiiiiiiii,kernel,61,5239,6599,5647
0.55%,5399,330742,"void ck::kernel_gemm_xdl_cshuffle_v3_multi_d_blockscale_b_preshuffle<ck::GridwiseGemmMultiD_blockscale_xdl_cshuffle_v3_b_preshuffle<ck::tensor_layout::gemm::RowMajor, ck::tensor_layout::gemm::ColumnMajor, ck::Tuple<>, ck::tensor_layout::gemm::RowMajor, ck::f8_fnuz_t, ck::f8_fnuz_t, float, float, ck::Tuple<>, unsigned short, ck::tensor_operation::element_wise::PassThrough, ck::tensor_operation::element_wise::PassThrough, ck::tensor_operation::element_wise::PassThrough, (ck::tensor_operation::device::GemmSpecialization)7, 256, 1, 128, 128, 64, 64, 128, 16, 16, 16, 16, 4, 1, ck::Sequence<8, 32, 1>, ck::Sequence<1, 0, 2>, ck::Sequence<1, 0, 2>, 2, 16, 16, false, 0, ck::Sequence<8, 32, 1>, ck::Sequence<1, 0, 2>, ck::Sequence<1, 0, 2>, 2, 16, 16, false, 0, 2, 1, ck::Sequence<1, 32, 1, 8>, ck::Sequence<8>, (ck::BlockGemmPipelineScheduler)0, (ck::BlockGemmPipelineVersion)0, ck::f8_fnuz_t, ck::f8_fnuz_t, ck::f8_fnuz_t, ck::f8_fnuz_t>, true, (ck::InMemoryDataOperationEnum)0, 2, (ck::TailNumber)0>(ck::GridwiseGemmMultiD_blockscale_xdl_cshuffle_v3_b_preshuffle<ck::tensor_layout::gemm::RowMajor, ck::tensor_layout::gemm::ColumnMajor, ck::Tuple<>, ck::tensor_layout::gemm::RowMajor, ck::f8_fnuz_t, ck::f8_fnuz_t, float, float, ck::Tuple<>, unsigned short, ck::tensor_operation::element_wise::PassThrough, ck::tensor_operation::element_wise::PassThrough, ck::tensor_operation::element_wise::PassThrough, (ck::tensor_operation::device::GemmSpecialization)7, 256, 1, 128, 128, 64, 64, 128, 16, 16, 16, 16, 4, 1, ck::Sequence<8, 32, 1>, ck::Sequence<1, 0, 2>, ck::Sequence<1, 0, 2>, 2, 16, 16, false, 0, ck::Sequence<8, 32, 1>, ck::Sequence<1, 0, 2>, ck::Sequence<1, 0, 2>, 2, 16, 16, false, 0, 2, 1, ck::Sequence<1, 32, 1, 8>, ck::Sequence<8>, (ck::BlockGemmPipelineScheduler)0, (ck::BlockGemmPipelineVersion)0, ck::f8_fnuz_t, ck::f8_fnuz_t, ck::f8_fnuz_t, ck::f8_fnuz_t>::Argument)",kernel,61,5159,7479,5422
0.53%,10480,319133,(anonymous namespace)::deepseek_v4_topk_transform_512_kernel((anonymous namespace)::TopK512Params),kernel,30,10119,12519,10638
0.52%,5159,316105,_ZN5aiter27mxfp4_quant_moe_sort_kernelIDF16bN4opus5fp4_tELi64ELi8EEEvPT0_PhPKT_PKiSA_iiiiiiiii,kernel,61,4799,5639,5182
0.51%,4639,306345,_gemm_a8w8_blockscale_reduce_kernel_BLOCK_SIZE_M_32_BLOCK_SIZE_N_32_ACTUAL_KSPLIT_14_MAX_KSPLIT_16,kernel,61,4440,27919,5022
0.49%,4479,296503,_gemm_a8w8_blockscale_reduce_kernel_BLOCK_SIZE_M_32_BLOCK_SIZE_N_32_ACTUAL_KSPLIT_4_MAX_KSPLIT_4,kernel,61,4239,28719,4861
0.49%,9319,292612,Cijk_Alik_Bljk_S_B_Bias_HA_S_SAV_UserArgs_MT64x16x64_MI16x16x1_SN_LDSB1_AFC0_AFEM1_AFEM1_ASEM1_CLR1_CADS0_DTLA0_DTLB0_DTVA0_DTVB0_EPS0_FDSI0_GRPM1_GRVWA4_GRVWB4_GSU0_GSUAMB_GLS0_ISA950_IU1_K1_LDSTI0_LBSPPA256_LBSPPB256_LBSPPM0_LPA8_LPB8_LPM0_LRVW4_LWPMn1_MIAV0_MIWT4_1_MO40_NTn1_NTA4_NTB0_NTC0_NTD0_NTM0_NEPBS0_NLCA1_NLCB1_ONLL1_PGR2_PLR1_PKA1_SIA3_SS1_SPO0_SRVW0_SSO0_SVW1_SK3_SKFTR0_SKXCCM8_TLDS1_ULSGRO0_USL1_UIOFGRO0_USFGRO0_VSn1_VWA1_VWB1_WSGRA0_WSGRB0_WS64_WG16_4_4,kernel,31,9079,10920,9439
0.48%,4759,291424,_gemm_a8w8_blockscale_kernel_GROUP_K_128_GROUP_N_128_BLOCK_SIZE_M_16_BLOCK_SIZE_N_16_BLOCK_SIZE_K_128_GROUP_SIZE_M_4_NUM_KSPLIT_14_SPLITK_BLOCK_SIZE_512_EVEN_K_1_GRID_MN_32_cache_modifier_CG,kernel,61,4559,5359,4777
0.47%,4599,280141,_ZN5aiter24add_rmsnorm_quant_kernelIDF16bDF16bLi64ELi8ELb0ELb0ELb1ELi1EEEvPT0_PT_PfS4_S4_S4_diiiiiiib,kernel,61,4399,4879,4592
0.46%,4479,274143,_ZN7sgl_hip10activation18act_and_mul_kernelI14__hip_bfloat16TnPFT_RKS3_EXadL_Z4siluIS2_ES3_S5_EEEEvPS3_PS4_i,kernel,61,4359,4639,4494
0.45%,4479,273901,_rms_normalize_kernel,kernel,61,4319,4719,4490
0.45%,4439,272023,__amd_rocclr_fillBufferAligned,kernel,61,4279,5039,4459
0.45%,4519,271984,_act_quant_kernel,kernel,60,4199,5039,4533
0.45%,4439,271380,"void at::native::vectorized_elementwise_kernel<8, at::native::CUDAFunctor_add<c10::BFloat16>, std::array<char*, 3ul> >(int, at::native::CUDAFunctor_add<c10::BFloat16>, std::array<char*, 3ul>)",kernel,61,4239,4759,4449
0.44%,4359,267900,_ZN5aiter24add_rmsnorm_quant_kernelIDF16bDF16bLi256ELi8ELb0ELb0ELb1ELi1EEEvPT0_PT_PfS4_S4_S4_diiiiiiib,kernel,61,4159,7079,4392
0.44%,4299,267182,"void at::native::vectorized_elementwise_kernel<4, at::native::FillFunctor<float>, std::array<char*, 1ul> >(int, at::native::FillFunctor<float>, std::array<char*, 1ul>)",kernel,62,4079,5759,4309
0.33%,6519,196813,Cijk_Alik_Bljk_S_B_Bias_HA_S_SAV_UserArgs_MT32x16x64_MI16x16x1_SN_LDSB0_AFC0_AFEM1_AFEM1_ASEM1_CLR1_CADS0_DTLA0_DTLB0_DTVA0_DTVB0_EPS0_FDSI0_GRPM1_GRVWA4_GRVWB4_GSU0_GSUAMB_GLS0_ISA950_IU1_K1_LDSTI0_LBSPPA256_LBSPPB256_LBSPPM0_LPA8_LPB8_LPM0_LRVW4_LWPMn1_MIAV0_MIWT2_1_MO40_NTn1_NTA4_NTB0_NTC0_NTD0_NTM0_NEPBS0_NLCA1_NLCB1_ONLL1_PGR2_PLR1_PKA1_SIA3_SS1_SPO0_SRVW0_SSO0_SVW1_SK3_SKFTR0_SKXCCM8_TLDS1_ULSGRO0_USL1_UIOFGRO0_USFGRO0_VSn1_VWA1_VWB1_WSGRA0_WSGRB0_WS64_WG16_4_4,kernel,30,6279,7439,6560
0.33%,6519,195851,fp8_paged_mqa_logits_kernel,kernel,30,6319,6799,6528
0.23%,4599,137771,"void fast_hadamard_transform_kernel<fast_hadamard_transform_kernel_traits<16, 7, c10::BFloat16> >(HadamardParamsBase)",kernel,30,4439,4759,4592
0.22%,4460,133772,"void fast_hadamard_transform_kernel<fast_hadamard_transform_kernel_traits<16, 7, float> >(HadamardParamsBase)",kernel,30,4319,4639,4459
0.21%,4119,123772,_fused_scale_kernel,kernel,30,3999,4279,4126
0.13%,4459,77903,Memcpy DtoD (Device -> Device),gpu_memcpy,18,2119,4679,4328
0.07%,41359,41359,Cijk_Alik_Bljk_BBS_BH_Bias_HA_S_SAV_UserArgs_MT64x16x512_MI16x16x1_SN_LDSB1_AFC0_AFEM1_AFEM1_ASEM1_CLR1_CADS0_DTLA0_DTLB0_DTVA0_DTVB0_EPS0_FDSI0_GRPM1_GRVWA8_GRVWB8_GSU0_GSUAMB_GLS0_ISA950_IU1_K1_LDSTI0_LBSPPA1024_LBSPPB1024_LBSPPM0_LPA16_LPB16_LPM0_LRVW8_LWPMn1_MIAV0_MIWT4_1_MO40_NTn1_NTA4_NTB0_NTC0_NTD0_NTM0_NEPBS0_NLCA1_NLCB1_ONLL1_PGR2_PLR1_PKA1_SIA3_SS1_SPO0_SRVW0_SSO0_SVW1_SK3_SKFTR0_SKXCCM8_TLDS1_ULSGRO0_USL1_UIOFGRO0_USFGRO0_VSn1_VWA1_VWB1_WSGRA0_WSGRB0_WS64_WG16_4_4,kernel,1,41359,41359,41359
0.05%,30560,30560,ncclDevKernel_Generic_1(ncclDevKernelArgsStorage<4096ul>),kernel,1,30560,30560,30560
0.04%,4639,26595,"void at::native::index_elementwise_kernel<128, 4, at::native::gpu_index_kernel<at::native::index_kernel_impl<at::native::OpaqueType<4> >(at::TensorIteratorBase&, c10::ArrayRef<long>, c10::ArrayRef<long>)::{lambda(char*, char const*, long)#1}>(at::TensorIteratorBase&, c10::ArrayRef<long>, c10::ArrayRef<long>, at::native::index_kernel_impl<at::native::OpaqueType<4> >(at::TensorIteratorBase&, c10::ArrayRef<long>, c10::ArrayRef<long>)::{lambda(char*, char const*, long)#1} const&, bool)::{lambda(int)#1}>(long, at::native::gpu_index_kernel<at::native::index_kernel_impl<at::native::OpaqueType<4> >(at::TensorIteratorBase&, c10::ArrayRef<long>, c10::ArrayRef<long>)::{lambda(char*, char const*, long)#1}>(at::TensorIteratorBase&, c10::ArrayRef<long>, c10::ArrayRef<long>, at::native::index_kernel_impl<at::native::OpaqueType<4> >(at::TensorIteratorBase&, c10::ArrayRef<long>, c10::ArrayRef<long>)::{lambda(char*, char const*, long)#1} const&, bool)::{lambda(int)#1})",kernel,5,4399,8079,5319
0.04%,4219,25474,__amd_rocclr_copyBuffer,kernel,6,4119,4439,4246
0.04%,4159,21556,"void at::native::vectorized_elementwise_kernel<4, at::native::FillFunctor<int>, std::array<char*, 1ul> >(int, at::native::FillFunctor<int>, std::array<char*, 1ul>)",kernel,5,4000,4719,4311
0.03%,8839,20677,"void at::native::vectorized_elementwise_kernel<4, at::native::CUDAFunctorOnSelf_add<long>, std::array<char*, 2ul> >(int, at::native::CUDAFunctorOnSelf_add<long>, std::array<char*, 2ul>)",kernel,3,1999,9839,6892
0.03%,5919,19277,"void at::native::vectorized_elementwise_kernel<8, at::native::(anonymous namespace)::softplus_kernel(at::TensorIteratorBase&, c10::Scalar const&, c10::Scalar const&)::{lambda()#1}::operator()() const::{lambda()#4}::operator()() const::{lambda(c10::BFloat16)#1}, std::array<char*, 2ul> >(int, at::native::(anonymous namespace)::softplus_kernel(at::TensorIteratorBase&, c10::Scalar const&, c10::Scalar const&)::{lambda()#1}::operator()() const::{lambda()#4}::operator()() const::{lambda(c10::BFloat16)#1}, std::array<char*, 2ul>)",kernel,3,5719,7639,6426
0.03%,5640,16998,"void at::native::reduce_kernel<512, 1, at::native::ReduceOp<c10::BFloat16, at::native::func_wrapper_t<c10::BFloat16, at::native::sum_functor<c10::BFloat16, float, c10::BFloat16>::operator()(at::TensorIterator&)::{lambda(float, float)#1}>, unsigned int, c10::BFloat16, 4, 8> >(at::native::ReduceOp<c10::BFloat16, at::native::func_wrapper_t<c10::BFloat16, at::native::sum_functor<c10::BFloat16, float, c10::BFloat16>::operator()(at::TensorIterator&)::{lambda(float, float)#1}>, unsigned int, c10::BFloat16, 4, 8>)",kernel,3,5159,6199,5666
0.03%,4119,16636,"void at::native::vectorized_elementwise_kernel<4, at::native::(anonymous namespace)::launch_clamp_scalar(at::TensorIteratorBase&, c10::Scalar, c10::Scalar, at::native::detail::ClampLimits)::{lambda()#1}::operator()() const::{lambda()#3}::operator()() const::{lambda(int)#1}, std::array<char*, 2ul> >(int, at::native::(anonymous namespace)::launch_clamp_scalar(at::TensorIteratorBase&, c10::Scalar, c10::Scalar, at::native::detail::ClampLimits)::{lambda()#1}::operator()() const::{lambda()#3}::operator()() const::{lambda(int)#1}, std::array<char*, 2ul>)",kernel,4,4119,4279,4159
0.02%,4279,12877,"void at::native::vectorized_elementwise_kernel<8, at::native::sqrt_kernel_cuda(at::TensorIteratorBase&)::{lambda()#2}::operator()() const::{lambda()#4}::operator()() const::{lambda(c10::BFloat16)#1}, std::array<char*, 2ul> >(int, at::native::sqrt_kernel_cuda(at::TensorIteratorBase&)::{lambda()#2}::operator()() const::{lambda()#4}::operator()() const::{lambda(c10::BFloat16)#1}, std::array<char*, 2ul>)",kernel,3,4239,4359,4292
0.02%,4279,12797,"void at::native::vectorized_elementwise_kernel<4, at::native::BUnaryFunctor<int, int, int, at::native::remainder_kernel_cuda(at::TensorIteratorBase&)::{lambda()#1}::operator()() const::{lambda()#3}::operator()() const::{lambda(int, int)#1}>, std::array<char*, 2ul> >(int, at::native::BUnaryFunctor<int, int, int, at::native::remainder_kernel_cuda(at::TensorIteratorBase&)::{lambda()#1}::operator()() const::{lambda()#3}::operator()() const::{lambda(int, int)#1}>, std::array<char*, 2ul>)",kernel,3,4119,4399,4266
0.02%,4239,12758,"void at::native::_scatter_gather_elementwise_kernel<256, 4, at::native::_cuda_scatter_gather_internal_kernel<false, at::native::OpaqueType<2>, int>::operator()<at::native::TensorAssign>(at::TensorIterator&, long, long, long, at::native::TensorAssign const&)::{lambda(int)#1}>(int, at::native::_cuda_scatter_gather_internal_kernel<false, at::native::OpaqueType<2>, int>::operator()<at::native::TensorAssign>(at::TensorIterator&, long, long, long, at::native::TensorAssign const&)::{lambda(int)#1})",kernel,3,4119,4400,4253
0.02%,4199,12637,"void at::native::elementwise_kernel_manual_unroll<128, 8, at::native::gpu_kernel_impl_nocast<at::native::BinaryFunctor<c10::BFloat16, c10::BFloat16, c10::BFloat16, at::native::binary_internal::DivFunctor<c10::BFloat16> > >(at::TensorIteratorBase&, at::native::BinaryFunctor<c10::BFloat16, c10::BFloat16, c10::BFloat16, at::native::binary_internal::DivFunctor<c10::BFloat16> > const&)::{lambda(int, bool)#1}>(int, at::native::gpu_kernel_impl_nocast<at::native::BinaryFunctor<c10::BFloat16, c10::BFloat16, c10::BFloat16, at::native::binary_internal::DivFunctor<c10::BFloat16> > >(at::TensorIteratorBase&, at::native::BinaryFunctor<c10::BFloat16, c10::BFloat16, c10::BFloat16, at::native::binary_internal::DivFunctor<c10::BFloat16> > const&)::{lambda(int, bool)#1})",kernel,3,4159,4279,4212
0.02%,4159,12517,"void at::native::vectorized_elementwise_kernel<8, at::native::FillFunctor<c10::BFloat16>, std::array<char*, 1ul> >(int, at::native::FillFunctor<c10::BFloat16>, std::array<char*, 1ul>)",kernel,3,4079,4279,4172
0.02%,6160,12319,"void at::native::elementwise_kernel_manual_unroll<128, 8, at::native::gpu_kernel_impl_nocast<at::native::(anonymous namespace)::CompareFunctor<int> >(at::TensorIteratorBase&, at::native::(anonymous namespace)::CompareFunctor<int> const&)::{lambda(int, bool)#1}>(int, at::native::gpu_kernel_impl_nocast<at::native::(anonymous namespace)::CompareFunctor<int> >(at::TensorIteratorBase&, at::native::(anonymous namespace)::CompareFunctor<int> const&)::{lambda(int, bool)#1})",kernel,2,5840,6479,6160
0.02%,11839,11839,"void at::native::(anonymous namespace)::indexSelectSmallIndex<c10::BFloat16, long, unsigned int, 2, 2, -2>(at::cuda::detail::TensorInfo<c10::BFloat16, unsigned int>, at::cuda::detail::TensorInfo<c10::BFloat16 const, unsigned int>, at::cuda::detail::TensorInfo<long const, unsigned int>, int, int, unsigned int, long)",kernel,1,11839,11839,11839
0.02%,9199,9199,"void at::native::reduce_kernel<512, 1, at::native::ReduceOp<float, at::native::MeanOps<float, float, float, float>, unsigned int, float, 4, 4> >(at::native::ReduceOp<float, at::native::MeanOps<float, float, float, float>, unsigned int, float, 4, 4>)",kernel,1,9199,9199,9199
0.02%,4559,9118,"void at::native::vectorized_elementwise_kernel<4, at::native::(anonymous namespace)::masked_fill_kernel(at::TensorIterator&, c10::Scalar const&)::{lambda()#1}::operator()() const::{lambda()#3}::operator()() const::{lambda(int, bool)#1}, std::array<char*, 3ul> >(int, at::native::(anonymous namespace)::masked_fill_kernel(at::TensorIterator&, c10::Scalar const&)::{lambda()#1}::operator()() const::{lambda()#3}::operator()() const::{lambda(int, bool)#1}, std::array<char*, 3ul>)",kernel,2,4319,4799,4559
0.01%,4359,8718,"void at::native::elementwise_kernel_manual_unroll<128, 4, at::native::gpu_kernel_impl_nocast<at::native::CUDAFunctor_add<int> >(at::TensorIteratorBase&, at::native::CUDAFunctor_add<int> const&)::{lambda(int, bool)#1}>(int, at::native::gpu_kernel_impl_nocast<at::native::CUDAFunctor_add<int> >(at::TensorIteratorBase&, at::native::CUDAFunctor_add<int> const&)::{lambda(int, bool)#1})",kernel,2,4239,4479,4359
0.01%,4339,8678,"void (anonymous namespace)::elementwise_kernel_with_index<int, at::native::arange_cuda_out(c10::Scalar const&, c10::Scalar const&, c10::Scalar const&, at::Tensor&)::{lambda()#1}::operator()() const::{lambda()#3}::operator()() const::{lambda(long)#1}>(int, at::native::arange_cuda_out(c10::Scalar const&, c10::Scalar const&, c10::Scalar const&, at::Tensor&)::{lambda()#1}::operator()() const::{lambda()#3}::operator()() const::{lambda(long)#1}, function_traits<at::native::arange_cuda_out(c10::Scalar const&, c10::Scalar const&, c10::Scalar const&, at::Tensor&)::{lambda()#1}::operator()() const::{lambda()#3}::operator()() const::{lambda(long)#1}>::result_type*)",kernel,2,4279,4399,4339
0.01%,4160,8319,"void at::native::vectorized_elementwise_kernel<4, at::native::AUnaryFunctor<int, int, bool, at::native::(anonymous namespace)::CompareEqFunctor<int> >, std::array<char*, 2ul> >(int, at::native::AUnaryFunctor<int, int, bool, at::native::(anonymous namespace)::CompareEqFunctor<int> >, std::array<char*, 2ul>)",kernel,2,4120,4199,4160
0.01%,4159,8318,"void at::native::vectorized_elementwise_kernel<4, at::native::FillFunctor<long>, std::array<char*, 1ul> >(int, at::native::FillFunctor<long>, std::array<char*, 1ul>)",kernel,2,4079,4239,4159
0.01%,4139,8278,"void at::native::vectorized_elementwise_kernel<4, at::native::BUnaryFunctor<long, long, long, at::native::binary_internal::div_floor_kernel_cuda(at::TensorIteratorBase&)::{lambda()#1}::operator()() const::{lambda()#4}::operator()() const::{lambda(long, long)#1}>, std::array<char*, 2ul> >(int, at::native::BUnaryFunctor<long, long, long, at::native::binary_internal::div_floor_kernel_cuda(at::TensorIteratorBase&)::{lambda()#1}::operator()() const::{lambda()#4}::operator()() const::{lambda(long, long)#1}>, std::array<char*, 2ul>)",kernel,2,4039,4239,4139
0.01%,4139,8278,"void at::native::elementwise_kernel_manual_unroll<128, 4, at::native::gpu_kernel_impl_nocast<at::native::(anonymous namespace)::where_kernel_impl(at::TensorIterator&)::{lambda()#1}::operator()() const::{lambda()#8}::operator()() const::{lambda(bool, long, long)#1}>(at::TensorIteratorBase&, at::native::(anonymous namespace)::where_kernel_impl(at::TensorIterator&)::{lambda()#1}::operator()() const::{lambda()#8}::operator()() const::{lambda(bool, long, long)#1} const&)::{lambda(int, bool)#1}>(int, at::native::gpu_kernel_impl_nocast<at::native::(anonymous namespace)::where_kernel_impl(at::TensorIterator&)::{lambda()#1}::operator()() const::{lambda()#8}::operator()() const::{lambda(bool, long, long)#1}>(at::TensorIteratorBase&, at::native::(anonymous namespace)::where_kernel_impl(at::TensorIterator&)::{lambda()#1}::operator()() const::{lambda()#8}::operator()() const::{lambda(bool, long, long)#1} const&)::{lambda(int, bool)#1})",kernel,2,4119,4159,4139
0.01%,4079,8158,"void at::native::vectorized_elementwise_kernel<4, at::native::CUDAFunctorOnSelf_add<float>, std::array<char*, 2ul> >(int, at::native::CUDAFunctorOnSelf_add<float>, std::array<char*, 2ul>)",kernel,2,3959,4199,4079
0.01%,5880,5880,"void at::native::elementwise_kernel_manual_unroll<128, 8, at::native::gpu_kernel_impl_nocast<at::native::(anonymous namespace)::masked_fill_kernel(at::TensorIterator&, c10::Scalar const&)::{lambda()#1}::operator()() const::{lambda()#12}::operator()() const::{lambda(c10::BFloat16, bool)#1}>(at::TensorIteratorBase&, at::native::(anonymous namespace)::masked_fill_kernel(at::TensorIterator&, c10::Scalar const&)::{lambda()#1}::operator()() const::{lambda()#12}::operator()() const::{lambda(c10::BFloat16, bool)#1} const&)::{lambda(int, bool)#1}>(int, at::native::gpu_kernel_impl_nocast<at::native::(anonymous namespace)::masked_fill_kernel(at::TensorIterator&, c10::Scalar const&)::{lambda()#1}::operator()() const::{lambda()#12}::operator()() const::{lambda(c10::BFloat16, bool)#1}>(at::TensorIteratorBase&, at::native::(anonymous namespace)::masked_fill_kernel(at::TensorIterator&, c10::Scalar const&)::{lambda()#1}::operator()() const::{lambda()#12}::operator()() const::{lambda(c10::BFloat16, bool)#1} const&)::{lambda(int, bool)#1})",kernel,1,5880,5880,5880
0.01%,4439,4439,"void at::native::(anonymous namespace)::multi_tensor_apply_kernel<at::native::(anonymous namespace)::TensorListMetadata<2>, at::native::(anonymous namespace)::UnaryOpFunctor<long, 2, 1, 1>, at::native::Copy<long, long> >(at::native::(anonymous namespace)::TensorListMetadata<2>, at::native::(anonymous namespace)::UnaryOpFunctor<long, 2, 1, 1>, at::native::Copy<long, long>)",kernel,1,4439,4439,4439
0.01%,4399,4399,"void at::native::(anonymous namespace)::multi_tensor_apply_kernel<at::native::(anonymous namespace)::TensorListMetadata<2>, at::native::(anonymous namespace)::CopyFunctor<int, long, 2, 1, 1>, at::native::Copy<int, long> >(at::native::(anonymous namespace)::TensorListMetadata<2>, at::native::(anonymous namespace)::CopyFunctor<int, long, 2, 1, 1>, at::native::Copy<int, long>)",kernel,1,4399,4399,4399
0.01%,4399,4399,triton_poi_fused_add_bitwise_and_bitwise_not_bitwise_or_ge_lt_mul_sub_0,kernel,1,4399,4399,4399
0.01%,4399,4399,"void at::native::vectorized_elementwise_kernel<4, at::native::rsqrt_kernel_cuda(at::TensorIteratorBase&)::{lambda()#2}::operator()() const::{lambda()#2}::operator()() const::{lambda(float)#1}, std::array<char*, 2ul> >(int, at::native::rsqrt_kernel_cuda(at::TensorIteratorBase&)::{lambda()#2}::operator()() const::{lambda()#2}::operator()() const::{lambda(float)#1}, std::array<char*, 2ul>)",kernel,1,4399,4399,4399
0.01%,4359,4359,"void at::native::vectorized_elementwise_kernel<4, at::native::CUDAFunctor_add<int>, std::array<char*, 3ul> >(int, at::native::CUDAFunctor_add<int>, std::array<char*, 3ul>)",kernel,1,4359,4359,4359
0.01%,4319,4319,"void at::native::elementwise_kernel_manual_unroll<128, 4, at::native::gpu_kernel_impl_nocast<at::native::direct_copy_kernel_cuda(at::TensorIteratorBase&)::{lambda()#3}::operator()() const::{lambda()#3}::operator()() const::{lambda(int)#1}>(at::TensorIteratorBase&, at::native::direct_copy_kernel_cuda(at::TensorIteratorBase&)::{lambda()#3}::operator()() const::{lambda()#3}::operator()() const::{lambda(int)#1} const&)::{lambda(int, bool)#1}>(int, at::native::gpu_kernel_impl_nocast<at::native::direct_copy_kernel_cuda(at::TensorIteratorBase&)::{lambda()#3}::operator()() const::{lambda()#3}::operator()() const::{lambda(int)#1}>(at::TensorIteratorBase&, at::native::direct_copy_kernel_cuda(at::TensorIteratorBase&)::{lambda()#3}::operator()() const::{lambda()#3}::operator()() const::{lambda(int)#1} const&)::{lambda(int, bool)#1})",kernel,1,4319,4319,4319
0.01%,4159,4159,"void at::native::vectorized_elementwise_kernel<4, at::native::(anonymous namespace)::pow_tensor_scalar_kernel_impl<float, float>(at::TensorIteratorBase&, float)::{lambda(float)#1}, std::array<char*, 2ul> >(int, at::native::(anonymous namespace)::pow_tensor_scalar_kernel_impl<float, float>(at::TensorIteratorBase&, float)::{lambda(float)#1}, std::array<char*, 2ul>)",kernel,1,4159,4159,4159
0.01%,4119,4119,"void at::native::elementwise_kernel_manual_unroll<128, 4, at::native::gpu_kernel_impl_nocast<at::native::CUDAFunctor_add<float> >(at::TensorIteratorBase&, at::native::CUDAFunctor_add<float> const&)::{lambda(int, bool)#1}>(int, at::native::gpu_kernel_impl_nocast<at::native::CUDAFunctor_add<float> >(at::TensorIteratorBase&, at::native::CUDAFunctor_add<float> const&)::{lambda(int, bool)#1})",kernel,1,4119,4119,4119
0.01%,3999,3999,"void at::native::vectorized_elementwise_kernel<4, at::native::sigmoid_kernel_cuda(at::TensorIteratorBase&)::{lambda()#2}::operator()() const::{lambda()#2}::operator()() const::{lambda(float)#1}, std::array<char*, 2ul> >(int, at::native::sigmoid_kernel_cuda(at::TensorIteratorBase&)::{lambda()#2}::operator()() const::{lambda()#2}::operator()() const::{lambda(float)#1}, std::array<char*, 2ul>)",kernel,1,3999,3999,3999
0.01%,3799,3799,"void at::native::index_elementwise_kernel<128, 4, at::native::gpu_index_kernel<at::native::index_put_kernel_impl<at::native::OpaqueType<4> >(at::TensorIterator&, c10::ArrayRef<long>, c10::ArrayRef<long>)::{lambda(char*, char const*, long)#1}>(at::TensorIteratorBase&, c10::ArrayRef<long>, c10::ArrayRef<long>, at::native::index_put_kernel_impl<at::native::OpaqueType<4> >(at::TensorIterator&, c10::ArrayRef<long>, c10::ArrayRef<long>)::{lambda(char*, char const*, long)#1} const&, bool)::{lambda(int)#1}>(long, at::native::gpu_index_kernel<at::native::index_put_kernel_impl<at::native::OpaqueType<4> >(at::TensorIterator&, c10::ArrayRef<long>, c10::ArrayRef<long>)::{lambda(char*, char const*, long)#1}>(at::TensorIteratorBase&, c10::ArrayRef<long>, c10::ArrayRef<long>, at::native::index_put_kernel_impl<at::native::OpaqueType<4> >(at::TensorIterator&, c10::ArrayRef<long>, c10::ArrayRef<long>)::{lambda(char*, char const*, long)#1} const&, bool)::{lambda(int)#1})",kernel,1,3799,3799,3799
0%,1959,1959,alloc_decode_kernel,kernel,1,1959,1959,1959
100%,,60218153,TOTAL (decode step),,,,,
